{
  "HumanEval/31": {
    "passed": 0,
    "total": 7,
    "time": 17.20984697341919
  },
  "HumanEval/36": {
    "passed": 0,
    "total": 3,
    "time": 17.638139009475708
  },
  "HumanEval/75": {
    "passed": 0,
    "total": 4,
    "time": 18.440691471099854
  },
  "HumanEval/3": {
    "passed": 0,
    "total": 4,
    "time": 18.081151962280273
  }
}